order_number,shipment_number,item_number,invoice_number,invoice_date,order_date,customer_number,customer_location,customer_department,customer_province,item_description,shipping_region_identifier,shipping_region_code,shipping_region_name,shipping_unit_measure,shipping_pack_quantity,item_unit_quantity,item_department,item_section,item_section_module,item_group,item_sequence,item_stock_status,warehouse_identifier,warehouse_number,warehouse_name,warehouse_region_name,vendor_identifier,vendor_number,vendor_name,vendor_city,vendor_country,vendor_address,order_quantity,shipped_quantity,company_identifier,company_code,company_name,company_number,average_cost_price,sales_amount,invoice_amount,cost_price,upc_number,purchase_order_number,order_type
3687536,20181114,848911,3687536,2018-11-14,2018-11-14,567,1,0,,POTATO RED         10LB   POLY     ,4,T,TEXAS,BA,5,5.0,30,85,0,670,1,,10634858,904,TEXAS FOOD WAREHOUSE,TEXAS,98858591,1174,PRAIRIE FRESH FOOD CORPORATION,TEXAS,US,2335 SCHUYLER STREET,-1,-1,98832971,72223,THE GROCERY GROUP,0,-10.15,-25.54,25.54,25.54,3338346292,0,REGULAR
5687644,20180205,943951,5687644,2018-02-05,2018-02-05,563,1,0,,GRAPPLE GRAPE FLAVORED APPLE CSHELL,2,O,OHIO,CS,12,12.0,30,85,0,107,1,,10634857,903,OHIO FOOD WAREHOUSE,OHIO,98858832,1397,RAINIER FRUIT COMPANY,?,?,?,-1,-1,98832971,72223,THE GROCERY GROUP,0,-16.93,-24.88,24.88,24.88,88056300006,0,REGULAR
6718992,20181231,709592,6718992,2018-12-31,2018-12-31,4098,1,0,,APPLES GOLD DEL WEST LARGE FCY 4020,1,F,FLORIDA,CS,18,18.0,30,85,0,70,1,,10634856,902,FLORIDA FOOD WAREHOUSE,FLORIDA,98858832,1397,RAINIER FRUIT COMPANY,?,?,?,-1,-1,98832972,73338,THE PRODUCE CLUB,0,-11.9,-17.99,17.99,17.99,4020,0,REGULAR
3711222,20181219,415620,3711222,2018-12-19,2018-12-19,1164,1,0,,ORANGES CHINSE MANDARINS  2.27 KG  ,4,T,TEXAS,CS,1,1.0,30,85,0,20,1,,10634858,904,TEXAS FOOD WAREHOUSE,TEXAS,98859034,1584,DAVID OPPENHEIMER & ASSOC (CDN),CHICAGO,US,#101 - 11 BURBRIDGE STREET,-5,-5,98832971,72223,THE GROCERY GROUP,0,-0.1,-27.5,5.5,5.5,6602200201,0,REGULAR
3463220,20171212,466375,3463220,2017-12-12,2017-12-12,5564,1,0,,RASPBERRIE RED            170 GR   ,4,T,TEXAS,CS,12,12.0,30,85,0,310,1,,10634858,904,TEXAS FOOD WAREHOUSE,TEXAS,98859132,1676,PRODUCE WEST,?,?,?,-1,-1,98832971,72223,THE GROCERY GROUP,0,-25.11,-33.02,33.02,33.02,71575610001,0,REGULAR
6725934,20171127,669077,6725934,2017-11-27,2017-11-27,16081,1,0,,BLACKBERRIES   CLAMSHELL  340 GR   ,1,F,FLORIDA,CS,8,8.0,30,85,0,320,1,,10634856,902,FLORIDA FOOD WAREHOUSE,FLORIDA,98859132,1676,PRODUCE WEST,?,?,?,-15,-15,98832972,73338,THE PRODUCE CLUB,48,-11.76,-209.63,13.98,13.98,66529000312,0,REGULAR
6642165,20200317,118539,6642165,2020-03-17,2020-03-17,15316,1,0,,HERBS BUNCH    MINT                ,1,F,FLORIDA,CS,12,12.0,30,85,0,650,1,,10634856,902,FLORIDA FOOD WAREHOUSE,FLORIDA,98859156,1699,ROOTS ORGANIC INC,KNOXVILLE,US,3727 184 STREET,-1,-1,98832972,73338,THE PRODUCE CLUB,0,-6.62,-9.03,9.03,9.03,4896,0,REGULAR
3825136,20190624,696203,3825136,2019-06-24,2019-06-24,567,1,0,,HERBS BUNCH    BABY DILL       4892,4,T,TEXAS,CS,24,24.0,30,85,0,650,1,,10634858,904,TEXAS FOOD WAREHOUSE,TEXAS,98859156,1699,ROOTS ORGANIC INC,KNOXVILLE,US,3727 184 STREET,-1,-1,98832971,72223,THE GROCERY GROUP,0,-9.21,-12.49,12.49,12.49,4892,0,REGULAR
5824500,20180911,2429264,5824500,2018-09-11,2018-09-11,2309,1,0,,ARTISIAN BLEND ORG MOKA   MOMENTS  ,2,O,OHIO,CS,8,8.0,30,85,0,380,1,,10634857,903,OHIO FOOD WAREHOUSE,OHIO,98859413,1936,FRUIT D'OR INC,PATERSON,US,604 B ST LOUIS O,-1,-1,98832971,72223,THE GROCERY GROUP,0,-5.85,-5.0,5.0,5.0,66216655201,0,REGULAR
1524191,20180312,143727,1524191,2018-03-12,2018-03-12,154,1,0,,ONION WHITE JUMBO              4663,5,M,MISSOURI,CS,22,22.0,30,85,0,630,1,,10634859,905,MISSOURI FOOD WAREHOUSE,MISSOURI,98859477,1996,THOMAS FRESH INC.,TEXAS,US,213 MELVILLE STREET,-1,-1,98832971,72223,THE GROCERY GROUP,0,-3.14,-4.31,4.31,4.31,4663,0,REGULAR
3339373,20201026,401240,3339373,2020-10-26,2020-10-26,10271,1,0,,LETTUCE CELLO   PREMIUM   24S      ,4,T,TEXAS,CS,24,24.0,30,85,0,600,1,,10634858,904,TEXAS FOOD WAREHOUSE,TEXAS,98859890,2369,OCEAN MIST FARMS,?,?,?,-1,-1,98832971,72223,THE GROCERY GROUP,0,-4.98,-4.88,4.88,4.88,3338365020,0,REGULAR
1529391,20180322,401240,1529391,2018-03-22,2018-03-22,627,1,0,,LETTUCE CELLO   PREMIUM   24S      ,5,M,MISSOURI,CS,24,24.0,30,85,0,600,1,,10634859,905,MISSOURI FOOD WAREHOUSE,MISSOURI,98859890,2369,OCEAN MIST FARMS,?,?,?,-1,-1,98832971,72223,THE GROCERY GROUP,0,-11.19,-15.82,15.82,15.82,3338365020,0,REGULAR
6132801,20190605,719310,6132801,2019-06-05,2019-06-05,10769,1,0,,TOMATOES ROMA (25LB)           4087,1,F,FLORIDA,CS,11,11.0,30,85,0,720,1,,10634856,902,FLORIDA FOOD WAREHOUSE,FLORIDA,98859993,2462,THE CUCUMBER MAN,LOS ANGELES,US,8 6TH STREET SW,-1,-1,98832972,73338,THE PRODUCE CLUB,0,-5.63,-7.49,7.49,7.49,4087,0,REGULAR
6533825,20180920,305748,6533825,2018-09-20,2018-09-20,16016,1,0,,CORN ON COB                    4590,1,F,FLORIDA,CS,48,48.0,30,85,0,550,1,,10634856,902,FLORIDA FOOD WAREHOUSE,FLORIDA,98860004,2472,JOHNSON FRESH FARMS,BALTIMORE,US,1205 HERITAGE ROAD,-2,-2,98832972,73338,THE PRODUCE CLUB,0,-2.77,-6.75,3.38,3.38,4077,0,REGULAR
3690124,20181119,930263,3690124,2018-11-19,2018-11-19,6659,1,0,,ONIONS MEDIUM   YELLOW    1.36 KG  ,4,T,TEXAS,CS,16,16.0,30,85,0,630,1,,10634858,904,TEXAS FOOD WAREHOUSE,TEXAS,98860145,26,EASTERDAY FARMS PRODUCE COMPANY,?,?,?,-1,-1,98832971,72223,THE GROCERY GROUP,110,-2.08,-10.94,10.94,10.94,4669,0,REGULAR
5295963,20200127,2420289,5295963,2020-01-27,2020-01-27,2472,1,0,,APLES MCINTOSH BC 3LB     POUCH BAG,2,O,OHIO,CS,12,12.0,30,85,0,105,1,,10634857,903,OHIO FOOD WAREHOUSE,OHIO,98860286,2726,CONSOLIDATED FRUIT PACKERS,MONTGOMERY,US,1004-1708 DOLPHIN AVENUE,-1,-1,98832971,72223,THE GROCERY GROUP,0,-5.42,-5.92,5.92,5.92,3338344042,0,REGULAR
1498798,20180124,160028,1498798,2018-01-24,2018-01-24,1043,1,0,,FRESH BASIL     HERB       28 GR   ,5,M,MISSOURI,BG,6,6.0,30,85,0,650,1,,10634859,905,MISSOURI FOOD WAREHOUSE,MISSOURI,98860364,2797,INTERNATIONAL HERB,KNOXVILLE,US,4151 184 ST,-1,-1,98832971,72223,THE GROCERY GROUP,0,-6.64,-9.52,9.52,9.52,77419610003,0,REGULAR
6397132,20180711,778712,6397132,2018-07-11,2018-07-11,16282,1,0,,PEPPERS TRI COLOR 3 PACK  XLG      ,1,F,FLORIDA,CS,8,8.0,30,85,0,660,1,,10634856,902,FLORIDA FOOD WAREHOUSE,FLORIDA,98860511,2929,WINDSET FARMS,CLEVELAND,US,3660 41B STREET,-7,-7,98832972,73338,THE PRODUCE CLUB,0,-3.02,-26.95,3.85,3.85,85178100519,0,REGULAR
1559671,20180523,953042,1559671,2018-05-23,2018-05-23,1614,1,0,,COCKTAIL        TOMATO             ,5,M,MISSOURI,CS,16,16.0,30,85,0,720,1,,10634859,905,MISSOURI FOOD WAREHOUSE,MISSOURI,98860511,2929,WINDSET FARMS,CLEVELAND,US,3660 41B STREET,-6,-6,98832971,72223,THE GROCERY GROUP,0,-8.93,-96.0,16.0,16.0,67452690687,0,REGULAR
3301704,20200908,977488,3301704,2020-09-08,2020-09-08,15675,1,0,,APPLE XFCY     AMBROSIA   APLE 3438,4,T,TEXAS,CS,18,18.0,30,85,0,106,1,,10634858,904,TEXAS FOOD WAREHOUSE,TEXAS,98860519,2936,DAVID OPPENHEIMER & ASSOC (CDN),CHICAGO,US,#101 - 11 BURBRIDGE STREET,-1,-1,98832971,72223,THE GROCERY GROUP,0,-7.4,-18.13,18.13,18.13,3438,0,REGULAR
3229639,20200601,696393,3229639,2020-06-01,2020-06-01,6743,1,0,,LETTUCE CRNKLE  ROMAINE      18S   ,4,T,TEXAS,CS,18,18.0,30,85,0,600,1,,10634858,904,TEXAS FOOD WAREHOUSE,TEXAS,98860711,3108,OCEAN MIST FARMS,?,?,?,-1,-1,98832971,72223,THE GROCERY GROUP,0,-2.81,-3.89,3.89,3.89,65104100,0,REGULAR
3889487,20191002,825851,3889487,2019-10-02,2019-10-02,6782,1,0,,LETTUCE ROMAIN 3 PACK              ,4,T,TEXAS,CS,12,12.0,30,85,0,600,1,,10634858,904,TEXAS FOOD WAREHOUSE,TEXAS,98860711,3108,OCEAN MIST FARMS,?,?,?,-1,-1,98832971,72223,THE GROCERY GROUP,0,-3.47,-15.43,15.43,15.43,65100321,0,REGULAR
5118969,20190501,658484,5118969,2019-05-01,2019-05-01,891,1,0,,BRUSSEL SPROUT  BAGGED    454 GR   ,2,O,OHIO,CS,12,12.0,30,85,0,460,1,,10634857,903,OHIO FOOD WAREHOUSE,OHIO,98860711,3108,OCEAN MIST FARMS,?,?,?,-1,-1,98832971,72223,THE GROCERY GROUP,18,-26.1,-34.75,34.75,34.75,65131900,0,REGULAR
5242421,20191101,443226,5242421,2019-11-01,2019-11-01,694,1,0,,LETTUCE CRNKLE GREEN LEAF      18S ,2,O,OHIO,CS,18,18.0,30,85,0,600,1,,10634857,903,OHIO FOOD WAREHOUSE,OHIO,98860711,3108,OCEAN MIST FARMS,?,?,?,-1,-1,98832971,72223,THE GROCERY GROUP,0,-20.47,-34.95,34.95,34.95,2791830214,0,REGULAR
3865420,20190828,825851,3865420,2019-08-28,2019-08-28,7300,1,0,,LETTUCE ROMAIN 3 PACK              ,4,T,TEXAS,CS,12,12.0,30,85,0,600,1,,10634858,904,TEXAS FOOD WAREHOUSE,TEXAS,98860711,3108,OCEAN MIST FARMS,?,?,?,-1,-1,98832971,72223,THE GROCERY GROUP,0,-5.02,-6.67,6.67,6.67,65100321,0,REGULAR
3601045,20180710,758268,3601045,2018-07-10,2018-07-10,7379,1,0,,FRESH EXPRESS  BACON      CEASAR   ,4,T,TEXAS,CS,6,6.0,30,85,0,605,1,,10634858,904,TEXAS FOOD WAREHOUSE,TEXAS,98860717,3113,FRESH EXPRESS,?,?,?,-1,-1,98832971,72223,THE GROCERY GROUP,28,-3.82,-8.49,8.49,8.49,7127930109,0,REGULAR
6573782,20181010,758268,6573782,2018-10-10,2018-10-10,10387,1,0,,FRESH EXPRESS  BACON      CEASAR   ,1,F,FLORIDA,CS,6,6.0,30,85,0,605,1,,10634856,902,FLORIDA FOOD WAREHOUSE,FLORIDA,98860717,3113,FRESH EXPRESS,?,?,?,-1,-1,98832972,73338,THE PRODUCE CLUB,20841,-2.47,-2.83,2.83,2.83,7127930109,0,REGULAR
3495729,20180205,758268,3495729,2018-02-05,2018-02-05,6275,1,0,,FRESH EXPRESS  BACON      CEASAR   ,4,T,TEXAS,CS,6,6.0,30,85,0,605,1,,10634858,904,TEXAS FOOD WAREHOUSE,TEXAS,98860717,3113,FRESH EXPRESS,?,?,?,-1,-1,98832971,72223,THE GROCERY GROUP,0,-4.94,-6.66,6.66,6.66,7127930109,0,REGULAR
3695120,20181126,722561,3695120,2018-11-26,2018-11-26,6480,1,0,,KIWI FRUIT LARGE V FILL 92CT   4030,4,T,TEXAS,CS,92,92.0,30,85,0,200,1,,10634858,904,TEXAS FOOD WAREHOUSE,TEXAS,98860845,3229,DAVID OPPENHEIMER & ASSOC (CDN),CHICAGO,US,#101 - 11 BURBRIDGE STREET,-1,-1,98832971,72223,THE GROCERY GROUP,0,-26.16,-39.62,39.62,39.62,4030,0,REGULAR
3874876,20190911,628990,3874876,2019-09-11,2019-09-11,15735,1,0,,LETTUCE CANADA BUTTERLEAF  CLAMSHEL,4,T,TEXAS,CS,12,12.0,30,85,0,600,1,,10634858,904,TEXAS FOOD WAREHOUSE,TEXAS,98860932,3307,RED HAT COOPERATIVE LTD,LOS ANGELES,US,809 BROADWAY AVE E,-1,-1,98832971,72223,THE GROCERY GROUP,0,-19.12,-26.55,26.55,26.55,6439111971,0,REGULAR
6612800,20181031,933028,6612800,2018-10-31,2018-10-31,16282,1,0,,EBND ORGANIC   POWER GRN  284G     ,1,F,FLORIDA,CS,6,6.0,30,85,0,634,1,,10634856,902,FLORIDA FOOD WAREHOUSE,FLORIDA,98860960,3332,EARTHBOUND FARMS LLC,?,?,?,-1,-1,98832972,73338,THE PRODUCE CLUB,0,-6.06,-7.55,7.55,7.55,3260190062,0,REGULAR
3458870,20171204,362681,3458870,2017-12-04,2017-12-04,5934,1,0,,ORG EB SPINACH SPRING     CLAMSHELL,4,T,TEXAS,CS,8,8.0,30,85,0,634,1,,10634858,904,TEXAS FOOD WAREHOUSE,TEXAS,98860960,3332,EARTHBOUND FARMS LLC,?,?,?,-1,-1,98832971,72223,THE GROCERY GROUP,0,-11.53,-17.85,17.85,17.85,3260190011,0,REGULAR
3840528,20190719,876607,3840528,2019-07-19,2019-07-19,6782,1,0,,GRAPE GREEN SEEDLESS BAG LARGE 4022,4,T,TEXAS,CS,8,8.0,30,85,0,170,1,,10634858,904,TEXAS FOOD WAREHOUSE,TEXAS,98861427,3753,GIUMARRA COMPANIES,?,?,?,-1,-1,98832971,72223,THE GROCERY GROUP,30,-10.47,-30.01,30.01,30.01,4498,0,REGULAR
3679456,20181105,466375,3679456,2018-11-05,2018-11-05,7300,1,0,,RASPBERRIE RED            170 GR   ,4,T,TEXAS,CS,12,12.0,30,85,0,310,1,,10634858,904,TEXAS FOOD WAREHOUSE,TEXAS,98861747,4042,DRISCOLL'S,?,?,?,-1,-1,98832971,72223,THE GROCERY GROUP,0,-6.97,-9.65,9.65,9.65,71575610001,0,REGULAR
5484307,20200924,628636,5484307,2020-09-24,2020-09-24,4505,1,0,,BLACKBERRIES CLAMSHELL 170 GR      ,2,O,OHIO,CS,12,12.0,30,85,0,320,1,,10634857,903,OHIO FOOD WAREHOUSE,OHIO,98861747,4042,DRISCOLL'S,?,?,?,-2,-2,98832971,72223,THE GROCERY GROUP,0,-5.9,-13.8,6.9,6.9,81204900730,0,REGULAR
3295577,20200831,2472298,3295577,2020-08-31,2020-08-31,6992,1,0,,ORANGES SEDLES ORANGE      3LB BAG ,4,T,TEXAS,CS,9,9.0,30,85,0,10,1,,10634858,904,TEXAS FOOD WAREHOUSE,TEXAS,98861855,414,F.P.D. INC,BALTIMORE,US,451 BEACONSFIELD BOULEVARD,-1,-1,98832971,72223,THE GROCERY GROUP,534,-1.43,-3.33,3.33,3.33,62908310103,0,REGULAR
3209908,20200506,2464055,3209908,2020-05-06,2020-05-06,10271,1,0,,WATERMELON RED  MINI      9CT 3421 ,4,T,TEXAS,CS,9,9.0,30,85,0,195,1,,10634858,904,TEXAS FOOD WAREHOUSE,TEXAS,98862054,4319,DULCINEA FARMS,?,?,?,-1,-1,98832971,72223,THE GROCERY GROUP,18,-3.87,-4.11,4.11,4.11,73655800026,0,REGULAR
3827543,20190627,270165,3827543,2019-06-27,2019-06-27,6764,1,0,,MANDARIN       ORANGE      750GRAM ,4,T,TEXAS,CS,17,17.0,30,85,0,12,1,,10634858,904,TEXAS FOOD WAREHOUSE,TEXAS,98862081,4343,STAR PRODUCE,TEXAS,US,2941 PORTAGE AVE,-1,-1,98832971,72223,THE GROCERY GROUP,27,-12.32,-18.55,18.55,18.55,69152907872,0,REGULAR
6522610,20180917,240002,6522610,2018-09-17,2018-09-17,4102,1,0,,GRAPE BLACK SEEDLESS BAG LARGE 4056,1,F,FLORIDA,CS,8,8.0,30,85,0,170,1,,10634856,902,FLORIDA FOOD WAREHOUSE,FLORIDA,98862084,4346,SUNLIGHT INTERNATIONAL SALES INC.,?,?,?,-6,-6,98832972,73338,THE PRODUCE CLUB,38,-1.92,-14.58,2.43,2.43,4056,0,REGULAR
3695115,20181126,463695,3695115,2018-11-26,2018-11-26,15675,1,0,,STRAWBERRIES   PACKAGED     8/1 LB.,4,T,TEXAS,CS,8,8.0,30,85,0,320,1,,10634858,904,TEXAS FOOD WAREHOUSE,TEXAS,98862106,4366,DAVID OPPENHEIMER & ASSOC (US),CHICAGO,US,#101-11 BURBRIDGE STREET,-1,-1,98832971,72223,THE GROCERY GROUP,0,-2.88,-37.02,37.02,37.02,78035378403,0,REGULAR
5839779,20181002,463695,5839779,2018-10-02,2018-10-02,600,1,0,,STRAWBERRIES   PACKAGED     8/1 LB.,2,O,OHIO,CS,8,8.0,30,85,0,320,1,,10634857,903,OHIO FOOD WAREHOUSE,OHIO,98862106,4366,DAVID OPPENHEIMER & ASSOC (US),CHICAGO,US,#101-11 BURBRIDGE STREET,-2,-2,98832971,72223,THE GROCERY GROUP,0,-8.48,-59.9,29.95,29.95,78035378403,0,REGULAR
6277944,20180511,463695,6277944,2018-05-11,2018-05-11,4114,1,0,,STRAWBERRIES   PACKAGED     8/1 LB.,1,F,FLORIDA,CS,8,8.0,30,85,0,320,1,,10634856,902,FLORIDA FOOD WAREHOUSE,FLORIDA,98862106,4366,DAVID OPPENHEIMER & ASSOC (US),CHICAGO,US,#101-11 BURBRIDGE STREET,-3,-3,98832972,73338,THE PRODUCE CLUB,0,-7.52,-37.43,12.48,12.48,78035378403,0,REGULAR
3174942,20200326,848911,3174942,2020-03-26,2020-03-26,6999,1,0,,POTATO RED         10LB   POLY     ,4,T,TEXAS,BA,5,5.0,30,85,0,670,1,,10634858,904,TEXAS FOOD WAREHOUSE,TEXAS,98862177,4430,THOMAS FRESH INC.,TEXAS,US,213 MELVILLE STREET,4,4,98832971,72223,THE GROCERY GROUP,0,-23.5,114.24,28.56,28.56,3338346292,0,REGULAR
5163453,20190708,288712,5163453,2019-07-08,2019-07-08,88,1,0,,WATERMELON     SEEDLESS   BIN 60 CT,2,O,OHIO,2W,60,60.0,30,85,0,195,1,,10634857,903,OHIO FOOD WAREHOUSE,OHIO,98862226,4476,KEYSTONE FRUIT MARKETING,?,?,?,-1,-1,98832971,72223,THE GROCERY GROUP,0,-47.99,-29.19,29.19,29.19,66478170750,0,REGULAR
5793476,20180724,2464055,5793476,2018-07-24,2018-07-24,1627,1,0,,WATERMELON RED  MINI      9CT 3421 ,2,O,OHIO,CS,9,9.0,30,85,0,195,1,,10634857,903,OHIO FOOD WAREHOUSE,OHIO,98862249,4497,FIVE CROWNS MARKETING,?,?,?,-1,-1,98832971,72223,THE GROCERY GROUP,30,-1.49,-6.66,6.66,6.66,73655800026,0,REGULAR
3607773,20180723,2464055,3607773,2018-07-23,2018-07-23,10271,1,0,,WATERMELON RED  MINI      9CT 3421 ,4,T,TEXAS,CS,9,9.0,30,85,0,195,1,,10634858,904,TEXAS FOOD WAREHOUSE,TEXAS,98862249,4497,FIVE CROWNS MARKETING,?,?,?,-1,-1,98832971,72223,THE GROCERY GROUP,30,-2.93,-6.66,6.66,6.66,73655800026,0,REGULAR
3358691,20201119,6225627,3358691,2020-11-19,2020-11-19,5622,6,0,,PINEAPPLE       GOLD      SIZE 6S  ,4,T,TEXAS,CS,6,6.0,30,85,0,270,1,,10634858,904,TEXAS FOOD WAREHOUSE,TEXAS,98862615,4833,CHESTNUT HILL FARMS LLC,?,?,?,-3,-3,98832971,72223,THE GROCERY GROUP,0,-8.76,-64.5,21.5,21.5,400000708509,0,REGULAR
3147590,20200212,145888,3147590,2020-02-12,2020-02-12,5934,1,0,,CUCUMBERS FIELD 24 CTN         4062,4,T,TEXAS,CS,24,24.0,30,85,0,530,1,,10634858,904,TEXAS FOOD WAREHOUSE,TEXAS,98863241,541,DAVID OPPENHEIMER & ASSOC (CDN),CHICAGO,US,#101 - 11 BURBRIDGE STREET,-1,-1,98832971,72223,THE GROCERY GROUP,0,-3.75,-6.43,6.43,6.43,4062,0,REGULAR
5301824,20200205,962480,5301824,2020-02-05,2020-02-05,11011,5,0,,LEMONS IMPORTED 95             4053,2,O,OHIO,CS,95,95.0,30,85,0,40,1,,10634857,903,OHIO FOOD WAREHOUSE,OHIO,98863573,6221,SUNKIST GROWERS INC (US.FUNDS),?,?,?,-1,-1,98832971,72223,THE GROCERY GROUP,0,-3.08,-5.5,5.5,5.5,4053,0,REGULAR
1885375,20200430,347989,1885375,2020-04-30,2020-04-30,15759,1,0,,ORANGES        CLEMENTINE 907 GR   ,5,M,MISSOURI,CS,15,15.0,30,85,0,12,1,,10634859,905,MISSOURI FOOD WAREHOUSE,MISSOURI,98863573,6221,SUNKIST GROWERS INC (US.FUNDS),?,?,?,-1,-1,98832971,72223,THE GROCERY GROUP,18,-2.85,-20.01,20.01,20.01,3338314600,0,REGULAR
5673190,20180108,724344,5673190,2018-01-08,2018-01-08,2472,1,0,,ORGANIC NAVEL   ORANGES   1.36 KG  ,2,O,OHIO,CS,10,10.0,30,85,0,226,1,,10634857,903,OHIO FOOD WAREHOUSE,OHIO,98863573,6221,SUNKIST GROWERS INC (US.FUNDS),?,?,?,-1,-1,98832971,72223,THE GROCERY GROUP,2,-21.4,-51.96,51.96,51.96,9582951002,0,REGULAR
